id;created_date;initiated_date;last_modified_date;service_start_date;service_end_date;entry;service_definition_id
1;2020-05-22T18:56:45;2020-05-22T22:57:32;2020-05-22T12:27:05;2020-05-22T12:43:40;2020-05-22T21:58:02;../fake-data/blob/hipster.txt;1
2;2020-05-23T03:37:06;2020-05-22T06:18:10;2020-05-22T08:19:48;2020-05-23T05:47:18;2020-05-22T14:18:44;../fake-data/blob/hipster.txt;2
3;2020-05-23T02:22:34;2020-05-22T22:17:22;2020-05-22T19:44:27;2020-05-23T01:52:31;2020-05-22T22:03:16;../fake-data/blob/hipster.txt;3
4;2020-05-22T22:53:31;2020-05-22T21:12:46;2020-05-22T22:51:30;2020-05-22T11:23:23;2020-05-22T20:13:17;../fake-data/blob/hipster.txt;4
5;2020-05-22T15:33:56;2020-05-22T22:17:44;2020-05-22T18:31:46;2020-05-23T03:34:31;2020-05-23T02:07:48;../fake-data/blob/hipster.txt;5
6;2020-05-22T12:22:11;2020-05-23T04:19:23;2020-05-22T18:35:01;2020-05-22T17:58:28;2020-05-23T04:42:56;../fake-data/blob/hipster.txt;6
7;2020-05-22T09:01:39;2020-05-22T15:53:27;2020-05-23T00:36:56;2020-05-22T10:27:11;2020-05-23T03:43:09;../fake-data/blob/hipster.txt;7
8;2020-05-22T23:55:51;2020-05-22T09:02:21;2020-05-23T02:31:08;2020-05-23T05:21:30;2020-05-22T06:56:42;../fake-data/blob/hipster.txt;8
9;2020-05-23T03:34:19;2020-05-23T02:34:06;2020-05-22T08:50:13;2020-05-22T08:08:22;2020-05-22T12:43:22;../fake-data/blob/hipster.txt;9
10;2020-05-22T21:39:21;2020-05-22T21:59:34;2020-05-22T08:37:53;2020-05-22T08:20:24;2020-05-22T18:07:49;../fake-data/blob/hipster.txt;10
