id;name;created_date;last_modified_date
1;parse Stravenue;2020-05-22T14:32:09;2020-05-22T10:31:54
2;Specialist Philippine Pes;2020-05-22T11:50:00;2020-05-22T12:43:32
3;concept;2020-05-22T22:02:04;2020-05-22T16:54:22
4;Plastic;2020-05-22T15:18:39;2020-05-22T15:06:13
5;Pizza;2020-05-22T22:48:44;2020-05-22T19:40:55
6;Savings Account Avon Gene;2020-05-23T00:51:21;2020-05-22T22:51:54
7;24/365 Rubber Hill;2020-05-22T18:14:43;2020-05-22T06:30:34
8;microchip Optimized cross;2020-05-22T15:04:36;2020-05-22T20:35:25
9;Generic Cotton Shirt Auto;2020-05-22T09:03:20;2020-05-22T14:53:39
10;hacking Sleek Wooden Sala;2020-05-22T06:24:23;2020-05-23T02:41:35
